1,dog collar,pet,6.99,6
2,6' leash(red),pet,8.49,2
3,2" bow tie(green),pet,4.99,5
4,Royal Canid puppy chow 20lb bag,pet,24.99,15
5,Purina Puppy chow 50lb bag,pet,15.00,9
6,Calphalon 8" santoku,kitchen,49.99,3
7,All Clad mixing bowls(set of 3),kitchen,84.99,6
8,KitchenAid 12-inch Toaster Oven,kitchen, 172.0,1
9,Coleman 8-person all-terrain tent,camping,375.00,4
10,Coleman camping stove1.3,camping,14.99,8
11,Coleman kerosine fuel(for stove1.3),camping,3.99,5
12,Nissin tonkatsu ramen(10pak),grocery,20.00,7

